Sentiment,AvgLikes,AvgRetweets
Negative,82.56666666666666,25.533333333333335
Neutral,81.37142857142857,22.6
Positive,65.25714285714285,20.714285714285715
