AgeGroup,AvgLikes,AvgRetweets
Senior,82.10810810810811,21.324324324324323
Adult,75.5,21.26923076923077
Teen,70.48648648648648,25.405405405405407
